{
  "User_token" : {
    "transaction" : "User_token",
    "sampleCount" : 50,
    "errorCount" : 0,
    "errorPct" : 0.0,
    "meanResTime" : 3064.3799999999997,
    "medianResTime" : 3289.0,
    "minResTime" : 1716.0,
    "maxResTime" : 4087.0,
    "pct1ResTime" : 3749.5,
    "pct2ResTime" : 4017.6,
    "pct3ResTime" : 4087.0,
    "throughput" : 11.984659635666347,
    "receivedKBytesPerSec" : 17.028515999520614,
    "sentKBytesPerSec" : 4.119726749760307
  },
  "Total" : {
    "transaction" : "Total",
    "sampleCount" : 300,
    "errorCount" : 99,
    "errorPct" : 33.0,
    "meanResTime" : 6784.083333333335,
    "medianResTime" : 3567.5,
    "minResTime" : 1471.0,
    "maxResTime" : 30662.0,
    "pct1ResTime" : 24031.800000000083,
    "pct2ResTime" : 26497.899999999998,
    "pct3ResTime" : 28352.040000000005,
    "throughput" : 7.182532081976633,
    "receivedKBytesPerSec" : 30.659171270470218,
    "sentKBytesPerSec" : 7.583510028610419
  },
  "Get_Country_By_Id" : {
    "transaction" : "Get_Country_By_Id",
    "sampleCount" : 50,
    "errorCount" : 50,
    "errorPct" : 100.0,
    "meanResTime" : 1646.7000000000003,
    "medianResTime" : 1472.0,
    "minResTime" : 1471.0,
    "maxResTime" : 10192.0,
    "pct1ResTime" : 1473.0,
    "pct2ResTime" : 1473.0,
    "pct3ResTime" : 10192.0,
    "throughput" : 4.279356384799725,
    "receivedKBytesPerSec" : 2.0459836903029784,
    "sentKBytesPerSec" : 5.065019471071551
  },
  "Get_City_By_CountryId" : {
    "transaction" : "Get_City_By_CountryId",
    "sampleCount" : 50,
    "errorCount" : 0,
    "errorPct" : 0.0,
    "meanResTime" : 23333.56000000001,
    "medianResTime" : 24759.5,
    "minResTime" : 1474.0,
    "maxResTime" : 30662.0,
    "pct1ResTime" : 27904.3,
    "pct2ResTime" : 28942.799999999996,
    "pct3ResTime" : 30662.0,
    "throughput" : 1.6092693916961698,
    "receivedKBytesPerSec" : 0.5672674605728999,
    "sentKBytesPerSec" : 1.9251513719021565
  },
  "Get_Countries" : {
    "transaction" : "Get_Countries",
    "sampleCount" : 50,
    "errorCount" : 0,
    "errorPct" : 0.0,
    "meanResTime" : 4296.260000000002,
    "medianResTime" : 4279.5,
    "minResTime" : 4052.0,
    "maxResTime" : 4615.0,
    "pct1ResTime" : 4541.4,
    "pct2ResTime" : 4600.349999999999,
    "pct3ResTime" : 4615.0,
    "throughput" : 7.395355716609968,
    "receivedKBytesPerSec" : 160.83902043891436,
    "sentKBytesPerSec" : 8.818095048809347
  },
  "Get_Province_By_CountryId" : {
    "transaction" : "Get_Province_By_CountryId",
    "sampleCount" : 50,
    "errorCount" : 0,
    "errorPct" : 0.0,
    "meanResTime" : 1480.9000000000003,
    "medianResTime" : 1475.0,
    "minResTime" : 1474.0,
    "maxResTime" : 1635.0,
    "pct1ResTime" : 1476.0,
    "pct2ResTime" : 1526.9499999999996,
    "pct3ResTime" : 1635.0,
    "throughput" : 11.778563015312132,
    "receivedKBytesPerSec" : 10.39481191107185,
    "sentKBytesPerSec" : 14.136576118963486
  },
  "Get_City_By_ProvinceId_CountryId" : {
    "transaction" : "Get_City_By_ProvinceId_CountryId",
    "sampleCount" : 50,
    "errorCount" : 49,
    "errorPct" : 98.0,
    "meanResTime" : 6882.700000000001,
    "medianResTime" : 6113.0,
    "minResTime" : 1477.0,
    "maxResTime" : 21084.0,
    "pct1ResTime" : 13101.5,
    "pct2ResTime" : 14096.549999999992,
    "pct3ResTime" : 21084.0,
    "throughput" : 1.5977503674825846,
    "receivedKBytesPerSec" : 1.1644541984885282,
    "sentKBytesPerSec" : 1.9472582603693998
  }
}