{
  "User_token" : {
    "transaction" : "User_token",
    "sampleCount" : 50,
    "errorCount" : 0,
    "errorPct" : 0.0,
    "meanResTime" : 2662.78,
    "medianResTime" : 2812.5,
    "minResTime" : 1673.0,
    "maxResTime" : 3590.0,
    "pct1ResTime" : 3318.6,
    "pct2ResTime" : 3504.3999999999996,
    "pct3ResTime" : 3590.0,
    "throughput" : 13.444474321054047,
    "receivedKBytesPerSec" : 19.101919618849152,
    "sentKBytesPerSec" : 4.6215380478623285
  },
  "Total" : {
    "transaction" : "Total",
    "sampleCount" : 300,
    "errorCount" : 98,
    "errorPct" : 32.666668,
    "meanResTime" : 6993.51,
    "medianResTime" : 4015.5,
    "minResTime" : 1471.0,
    "maxResTime" : 28745.0,
    "pct1ResTime" : 19010.500000000004,
    "pct2ResTime" : 20743.15,
    "pct3ResTime" : 26816.57000000001,
    "throughput" : 6.858396964016277,
    "receivedKBytesPerSec" : 29.565517873268256,
    "sentKBytesPerSec" : 7.241279476818619
  },
  "Get_Country_By_Id" : {
    "transaction" : "Get_Country_By_Id",
    "sampleCount" : 50,
    "errorCount" : 50,
    "errorPct" : 100.0,
    "meanResTime" : 1967.6999999999998,
    "medianResTime" : 1472.0,
    "minResTime" : 1471.0,
    "maxResTime" : 14053.0,
    "pct1ResTime" : 1473.0,
    "pct2ResTime" : 6966.249999999948,
    "pct3ResTime" : 14053.0,
    "throughput" : 3.157562361856647,
    "receivedKBytesPerSec" : 1.5126697189769498,
    "sentKBytesPerSec" : 3.7372710767287654
  },
  "Get_City_By_CountryId" : {
    "transaction" : "Get_City_By_CountryId",
    "sampleCount" : 50,
    "errorCount" : 0,
    "errorPct" : 0.0,
    "meanResTime" : 19712.440000000006,
    "medianResTime" : 19348.0,
    "minResTime" : 7696.0,
    "maxResTime" : 28745.0,
    "pct1ResTime" : 23246.1,
    "pct2ResTime" : 27340.099999999995,
    "pct3ResTime" : 28745.0,
    "throughput" : 1.4896913359551902,
    "receivedKBytesPerSec" : 0.5251161959242046,
    "sentKBytesPerSec" : 1.7821014517042069
  },
  "Get_Countries" : {
    "transaction" : "Get_Countries",
    "sampleCount" : 50,
    "errorCount" : 0,
    "errorPct" : 0.0,
    "meanResTime" : 4026.8799999999997,
    "medianResTime" : 4019.0,
    "minResTime" : 4007.0,
    "maxResTime" : 4277.0,
    "pct1ResTime" : 4048.0,
    "pct2ResTime" : 4049.8,
    "pct3ResTime" : 4277.0,
    "throughput" : 8.107669855683477,
    "receivedKBytesPerSec" : 176.33231818550348,
    "sentKBytesPerSec" : 9.667446185341333
  },
  "Get_Province_By_CountryId" : {
    "transaction" : "Get_Province_By_CountryId",
    "sampleCount" : 50,
    "errorCount" : 0,
    "errorPct" : 0.0,
    "meanResTime" : 5405.339999999999,
    "medianResTime" : 6775.0,
    "minResTime" : 1474.0,
    "maxResTime" : 11698.0,
    "pct1ResTime" : 9390.4,
    "pct2ResTime" : 11146.25,
    "pct3ResTime" : 11698.0,
    "throughput" : 3.6848699240916796,
    "receivedKBytesPerSec" : 3.2549924229862186,
    "sentKBytesPerSec" : 4.422563610067065
  },
  "Get_City_By_ProvinceId_CountryId" : {
    "transaction" : "Get_City_By_ProvinceId_CountryId",
    "sampleCount" : 50,
    "errorCount" : 48,
    "errorPct" : 96.0,
    "meanResTime" : 8185.92,
    "medianResTime" : 9313.5,
    "minResTime" : 1477.0,
    "maxResTime" : 15082.0,
    "pct1ResTime" : 14748.9,
    "pct2ResTime" : 14832.8,
    "pct3ResTime" : 15082.0,
    "throughput" : 1.8360077846730072,
    "receivedKBytesPerSec" : 1.8003275552638343,
    "sentKBytesPerSec" : 2.237634487570227
  }
}