{
  "Account DB - > Account Available balance checking" : {
    "transaction" : "Account DB - > Account Available balance checking",
    "sampleCount" : 1,
    "errorCount" : 0,
    "errorPct" : 0.0,
    "meanResTime" : 3079.0,
    "medianResTime" : 3079.0,
    "minResTime" : 3079.0,
    "maxResTime" : 3079.0,
    "pct1ResTime" : 3079.0,
    "pct2ResTime" : 3079.0,
    "pct3ResTime" : 3079.0,
    "throughput" : 0.32478077297823965,
    "receivedKBytesPerSec" : 0.04598946492367652,
    "sentKBytesPerSec" : 0.0
  },
  "GetTransactionPinFailedCount" : {
    "transaction" : "GetTransactionPinFailedCount",
    "sampleCount" : 50,
    "errorCount" : 0,
    "errorPct" : 0.0,
    "meanResTime" : 659.5000000000001,
    "medianResTime" : 325.5,
    "minResTime" : 235.0,
    "maxResTime" : 1863.0,
    "pct1ResTime" : 1200.8999999999999,
    "pct2ResTime" : 1508.2999999999977,
    "pct3ResTime" : 1863.0,
    "throughput" : 0.05064568179723292,
    "receivedKBytesPerSec" : 0.03051006658894243,
    "sentKBytesPerSec" : 0.058608528251680676
  },
  "User_Token" : {
    "transaction" : "User_Token",
    "sampleCount" : 50,
    "errorCount" : 0,
    "errorPct" : 0.0,
    "meanResTime" : 806.88,
    "medianResTime" : 735.0,
    "minResTime" : 292.0,
    "maxResTime" : 2293.0,
    "pct1ResTime" : 1453.3,
    "pct2ResTime" : 1721.1999999999996,
    "pct3ResTime" : 2293.0,
    "throughput" : 0.050470995328404676,
    "receivedKBytesPerSec" : 0.07088611863409336,
    "sentKBytesPerSec" : 0.01596933836562804
  },
  "ValidateAmountForMobileTransfer" : {
    "transaction" : "ValidateAmountForMobileTransfer",
    "sampleCount" : 50,
    "errorCount" : 0,
    "errorPct" : 0.0,
    "meanResTime" : 10067.86,
    "medianResTime" : 9674.5,
    "minResTime" : 7342.0,
    "maxResTime" : 16573.0,
    "pct1ResTime" : 13088.0,
    "pct2ResTime" : 14712.849999999999,
    "pct3ResTime" : 16573.0,
    "throughput" : 0.05016786166513153,
    "receivedKBytesPerSec" : 0.017754719792425457,
    "sentKBytesPerSec" : 0.0601132483038246
  },
  "KiibankToMobileMoneyTransfer" : {
    "transaction" : "KiibankToMobileMoneyTransfer",
    "sampleCount" : 50,
    "errorCount" : 0,
    "errorPct" : 0.0,
    "meanResTime" : 3737.4,
    "medianResTime" : 3462.0,
    "minResTime" : 3052.0,
    "maxResTime" : 6295.0,
    "pct1ResTime" : 4507.5,
    "pct2ResTime" : 5503.799999999995,
    "pct3ResTime" : 6295.0,
    "throughput" : 0.050514643184766395,
    "receivedKBytesPerSec" : 0.019041652606757647,
    "sentKBytesPerSec" : 0.09649086139590145
  },
  "ValidatePaymentCoolingAmount" : {
    "transaction" : "ValidatePaymentCoolingAmount",
    "sampleCount" : 50,
    "errorCount" : 0,
    "errorPct" : 0.0,
    "meanResTime" : 746.9199999999998,
    "medianResTime" : 467.0,
    "minResTime" : 263.0,
    "maxResTime" : 2187.0,
    "pct1ResTime" : 1549.9,
    "pct2ResTime" : 1956.7,
    "pct3ResTime" : 2187.0,
    "throughput" : 0.05063891114187706,
    "receivedKBytesPerSec" : 0.02250761134483782,
    "sentKBytesPerSec" : 0.06052932347427493
  },
  "Transfer Status -> MobileMoneyTransfer" : {
    "transaction" : "Transfer Status -> MobileMoneyTransfer",
    "sampleCount" : 1,
    "errorCount" : 0,
    "errorPct" : 0.0,
    "meanResTime" : 2892.0,
    "medianResTime" : 2892.0,
    "minResTime" : 2892.0,
    "maxResTime" : 2892.0,
    "pct1ResTime" : 2892.0,
    "pct2ResTime" : 2892.0,
    "pct3ResTime" : 2892.0,
    "throughput" : 0.3457814661134163,
    "receivedKBytesPerSec" : 0.1563445496196404,
    "sentKBytesPerSec" : 0.0
  },
  "GetSummary" : {
    "transaction" : "GetSummary",
    "sampleCount" : 50,
    "errorCount" : 0,
    "errorPct" : 0.0,
    "meanResTime" : 876.0999999999998,
    "medianResTime" : 725.5,
    "minResTime" : 517.0,
    "maxResTime" : 1867.0,
    "pct1ResTime" : 1411.0,
    "pct2ResTime" : 1673.5999999999997,
    "pct3ResTime" : 1867.0,
    "throughput" : 0.05062517022713489,
    "receivedKBytesPerSec" : 0.024583859518696384,
    "sentKBytesPerSec" : 0.059969073716322874
  },
  "Account DB ->Account Statement" : {
    "transaction" : "Account DB ->Account Statement",
    "sampleCount" : 1,
    "errorCount" : 0,
    "errorPct" : 0.0,
    "meanResTime" : 171.0,
    "medianResTime" : 171.0,
    "minResTime" : 171.0,
    "maxResTime" : 171.0,
    "pct1ResTime" : 171.0,
    "pct2ResTime" : 171.0,
    "pct3ResTime" : 171.0,
    "throughput" : 5.847953216374268,
    "receivedKBytesPerSec" : 67.67406798245614,
    "sentKBytesPerSec" : 0.0
  },
  "Total" : {
    "transaction" : "Total",
    "sampleCount" : 504,
    "errorCount" : 0,
    "errorPct" : 0.0,
    "meanResTime" : 2014.7380952380938,
    "medianResTime" : 879.0,
    "minResTime" : 171.0,
    "maxResTime" : 16573.0,
    "pct1ResTime" : 7561.0,
    "pct2ResTime" : 9720.75,
    "pct3ResTime" : 13091.0,
    "throughput" : 0.4961396593764981,
    "receivedKBytesPerSec" : 0.309090385706748,
    "sentKBytesPerSec" : 0.5785777335917066
  },
  "Payment Provider DB -> TransactionLogs" : {
    "transaction" : "Payment Provider DB -> TransactionLogs",
    "sampleCount" : 1,
    "errorCount" : 0,
    "errorPct" : 0.0,
    "meanResTime" : 2885.0,
    "medianResTime" : 2885.0,
    "minResTime" : 2885.0,
    "maxResTime" : 2885.0,
    "pct1ResTime" : 2885.0,
    "pct2ResTime" : 2885.0,
    "pct3ResTime" : 2885.0,
    "throughput" : 0.3466204506065858,
    "receivedKBytesPerSec" : 0.06126787261698441,
    "sentKBytesPerSec" : 0.0
  },
  "GetProviderByServiceType" : {
    "transaction" : "GetProviderByServiceType",
    "sampleCount" : 50,
    "errorCount" : 0,
    "errorPct" : 0.0,
    "meanResTime" : 212.34000000000003,
    "medianResTime" : 186.0,
    "minResTime" : 172.0,
    "maxResTime" : 1143.0,
    "pct1ResTime" : 233.5,
    "pct2ResTime" : 267.59999999999997,
    "pct3ResTime" : 1143.0,
    "throughput" : 0.05061389594390361,
    "receivedKBytesPerSec" : 0.03361079027524849,
    "sentKBytesPerSec" : 0.059461442207535194
  },
  "GetAccountHolderFeeDetails" : {
    "transaction" : "GetAccountHolderFeeDetails",
    "sampleCount" : 50,
    "errorCount" : 0,
    "errorPct" : 0.0,
    "meanResTime" : 1802.6799999999998,
    "medianResTime" : 1567.5,
    "minResTime" : 1034.0,
    "maxResTime" : 8434.0,
    "pct1ResTime" : 2280.3,
    "pct2ResTime" : 2937.0999999999967,
    "pct3ResTime" : 8434.0,
    "throughput" : 0.050561996592121426,
    "receivedKBytesPerSec" : 0.03248904542742584,
    "sentKBytesPerSec" : 0.05994361705355021
  },
  "ValidateTransactionPin" : {
    "transaction" : "ValidateTransactionPin",
    "sampleCount" : 50,
    "errorCount" : 0,
    "errorPct" : 0.0,
    "meanResTime" : 637.0599999999998,
    "medianResTime" : 284.0,
    "minResTime" : 243.0,
    "maxResTime" : 7337.0,
    "pct1ResTime" : 1171.8999999999999,
    "pct2ResTime" : 1626.3999999999974,
    "pct3ResTime" : 7337.0,
    "throughput" : 0.050642809176882166,
    "receivedKBytesPerSec" : 0.034659661647795464,
    "sentKBytesPerSec" : 0.0634518790761131
  },
  "IsServiceManagementEnabled" : {
    "transaction" : "IsServiceManagementEnabled",
    "sampleCount" : 50,
    "errorCount" : 0,
    "errorPct" : 0.0,
    "meanResTime" : 581.28,
    "medianResTime" : 345.5,
    "minResTime" : 260.0,
    "maxResTime" : 1542.0,
    "pct1ResTime" : 1152.1,
    "pct2ResTime" : 1354.849999999999,
    "pct3ResTime" : 1542.0,
    "throughput" : 0.0505477863607919,
    "receivedKBytesPerSec" : 0.018906056812679,
    "sentKBytesPerSec" : 0.0596305917224967
  }
}