{
  "User_token" : {
    "transaction" : "User_token",
    "sampleCount" : 50,
    "errorCount" : 0,
    "errorPct" : 0.0,
    "meanResTime" : 4057.9599999999996,
    "medianResTime" : 4041.5,
    "minResTime" : 2773.0,
    "maxResTime" : 5942.0,
    "pct1ResTime" : 5095.8,
    "pct2ResTime" : 5296.2,
    "pct3ResTime" : 5942.0,
    "throughput" : 7.865345288658172,
    "receivedKBytesPerSec" : 11.175856831052382,
    "sentKBytesPerSec" : 2.7037124429762467
  },
  "Total" : {
    "transaction" : "Total",
    "sampleCount" : 300,
    "errorCount" : 0,
    "errorPct" : 0.0,
    "meanResTime" : 7845.906666666665,
    "medianResTime" : 4186.0,
    "minResTime" : 1471.0,
    "maxResTime" : 24234.0,
    "pct1ResTime" : 20336.900000000012,
    "pct2ResTime" : 22115.3,
    "pct3ResTime" : 23394.0,
    "throughput" : 6.0245802875733,
    "receivedKBytesPerSec" : 38.200330002660856,
    "sentKBytesPerSec" : 6.360913464434894
  },
  "Get_Country_By_Id" : {
    "transaction" : "Get_Country_By_Id",
    "sampleCount" : 50,
    "errorCount" : 0,
    "errorPct" : 0.0,
    "meanResTime" : 6314.240000000001,
    "medianResTime" : 1472.0,
    "minResTime" : 1471.0,
    "maxResTime" : 20973.0,
    "pct1ResTime" : 20832.1,
    "pct2ResTime" : 20923.3,
    "pct3ResTime" : 20973.0,
    "throughput" : 2.0534724218653744,
    "receivedKBytesPerSec" : 1.2723908707749805,
    "sentKBytesPerSec" : 2.4304771243172203
  },
  "Get_City_By_CountryId" : {
    "transaction" : "Get_City_By_CountryId",
    "sampleCount" : 50,
    "errorCount" : 0,
    "errorPct" : 0.0,
    "meanResTime" : 16611.72,
    "medianResTime" : 19641.5,
    "minResTime" : 4895.0,
    "maxResTime" : 24234.0,
    "pct1ResTime" : 23238.6,
    "pct2ResTime" : 23402.1,
    "pct3ResTime" : 24234.0,
    "throughput" : 1.6910745087428551,
    "receivedKBytesPerSec" : 0.5957404475428687,
    "sentKBytesPerSec" : 2.0230139386816384
  },
  "Get_Countries" : {
    "transaction" : "Get_Countries",
    "sampleCount" : 50,
    "errorCount" : 0,
    "errorPct" : 0.0,
    "meanResTime" : 4048.18,
    "medianResTime" : 4020.0,
    "minResTime" : 4004.0,
    "maxResTime" : 4755.0,
    "pct1ResTime" : 4053.6,
    "pct2ResTime" : 4286.9,
    "pct3ResTime" : 4755.0,
    "throughput" : 7.326007326007326,
    "receivedKBytesPerSec" : 159.33135874542126,
    "sentKBytesPerSec" : 8.735405219780219
  },
  "Get_Province_By_CountryId" : {
    "transaction" : "Get_Province_By_CountryId",
    "sampleCount" : 50,
    "errorCount" : 0,
    "errorPct" : 0.0,
    "meanResTime" : 2725.100000000001,
    "medianResTime" : 1476.0,
    "minResTime" : 1474.0,
    "maxResTime" : 7600.0,
    "pct1ResTime" : 6954.9,
    "pct2ResTime" : 7430.549999999999,
    "pct3ResTime" : 7600.0,
    "throughput" : 5.296049147336087,
    "receivedKBytesPerSec" : 4.673970249443914,
    "sentKBytesPerSec" : 6.356293361402393
  },
  "Get_City_By_ProvinceId_CountryId" : {
    "transaction" : "Get_City_By_ProvinceId_CountryId",
    "sampleCount" : 50,
    "errorCount" : 0,
    "errorPct" : 0.0,
    "meanResTime" : 13318.240000000002,
    "medianResTime" : 13348.5,
    "minResTime" : 9678.0,
    "maxResTime" : 18206.0,
    "pct1ResTime" : 16198.6,
    "pct2ResTime" : 17196.999999999996,
    "pct3ResTime" : 18206.0,
    "throughput" : 1.4554769597997264,
    "receivedKBytesPerSec" : 18.950878562279858,
    "sentKBytesPerSec" : 1.7738625447559164
  }
}