{
  "User_token" : {
    "transaction" : "User_token",
    "sampleCount" : 50,
    "errorCount" : 0,
    "errorPct" : 0.0,
    "meanResTime" : 2476.7000000000003,
    "medianResTime" : 2696.0,
    "minResTime" : 976.0,
    "maxResTime" : 3389.0,
    "pct1ResTime" : 3228.1,
    "pct2ResTime" : 3319.75,
    "pct3ResTime" : 3389.0,
    "throughput" : 13.361838588989846,
    "receivedKBytesPerSec" : 18.983988759353288,
    "sentKBytesPerSec" : 4.593132014965259
  },
  "Total" : {
    "transaction" : "Total",
    "sampleCount" : 300,
    "errorCount" : 0,
    "errorPct" : 0.0,
    "meanResTime" : 5727.560000000001,
    "medianResTime" : 2814.0,
    "minResTime" : 236.0,
    "maxResTime" : 23370.0,
    "pct1ResTime" : 16316.800000000001,
    "pct2ResTime" : 18845.149999999994,
    "pct3ResTime" : 23114.58,
    "throughput" : 8.03923144947343,
    "receivedKBytesPerSec" : 50.976080983532974,
    "sentKBytesPerSec" : 8.488036199989281
  },
  "Get_Country_By_Id" : {
    "transaction" : "Get_Country_By_Id",
    "sampleCount" : 50,
    "errorCount" : 0,
    "errorPct" : 0.0,
    "meanResTime" : 2930.7400000000002,
    "medianResTime" : 794.0,
    "minResTime" : 538.0,
    "maxResTime" : 13079.0,
    "pct1ResTime" : 12709.6,
    "pct2ResTime" : 12898.949999999999,
    "pct3ResTime" : 13079.0,
    "throughput" : 1.7643530117505912,
    "receivedKBytesPerSec" : 1.0930373667913478,
    "sentKBytesPerSec" : 2.088277197501676
  },
  "Get_City_By_CountryId" : {
    "transaction" : "Get_City_By_CountryId",
    "sampleCount" : 50,
    "errorCount" : 0,
    "errorPct" : 0.0,
    "meanResTime" : 15446.119999999999,
    "medianResTime" : 17006.0,
    "minResTime" : 4045.0,
    "maxResTime" : 23370.0,
    "pct1ResTime" : 22589.0,
    "pct2ResTime" : 23209.8,
    "pct3ResTime" : 23370.0,
    "throughput" : 1.903456677326024,
    "receivedKBytesPerSec" : 0.6706338867633622,
    "sentKBytesPerSec" : 2.2770844040277143
  },
  "Get_Countries" : {
    "transaction" : "Get_Countries",
    "sampleCount" : 50,
    "errorCount" : 0,
    "errorPct" : 0.0,
    "meanResTime" : 1771.2199999999998,
    "medianResTime" : 1042.5,
    "minResTime" : 794.0,
    "maxResTime" : 6032.0,
    "pct1ResTime" : 5906.7,
    "pct2ResTime" : 5985.0,
    "pct3ResTime" : 6032.0,
    "throughput" : 5.696058327637275,
    "receivedKBytesPerSec" : 123.88815611471861,
    "sentKBytesPerSec" : 6.79188204887218
  },
  "Get_Province_By_CountryId" : {
    "transaction" : "Get_Province_By_CountryId",
    "sampleCount" : 50,
    "errorCount" : 0,
    "errorPct" : 0.0,
    "meanResTime" : 2399.76,
    "medianResTime" : 1653.0,
    "minResTime" : 236.0,
    "maxResTime" : 6541.0,
    "pct1ResTime" : 6036.099999999999,
    "pct2ResTime" : 6242.449999999999,
    "pct3ResTime" : 6541.0,
    "throughput" : 5.213220727765614,
    "receivedKBytesPerSec" : 4.604536479512043,
    "sentKBytesPerSec" : 6.256883080492129
  },
  "Get_City_By_ProvinceId_CountryId" : {
    "transaction" : "Get_City_By_ProvinceId_CountryId",
    "sampleCount" : 50,
    "errorCount" : 0,
    "errorPct" : 0.0,
    "meanResTime" : 9340.820000000003,
    "medianResTime" : 9609.5,
    "minResTime" : 2662.0,
    "maxResTime" : 11525.0,
    "pct1ResTime" : 10711.6,
    "pct2ResTime" : 11079.949999999999,
    "pct3ResTime" : 11525.0,
    "throughput" : 1.6458737943974455,
    "receivedKBytesPerSec" : 21.429019635274365,
    "sentKBytesPerSec" : 2.0059086869218867
  }
}